MARY:   	... God,	I said I wasn't gonna do this anymore.
I said I wasn't gonna do this anymore.	... Stay up late.
... Stay up late.	... Kinda defeats the purpose of getting up in the morning.
... Kinda defeats the purpose of getting up in the morning.	ALICE:  	... I know.
ALICE:  	... I know.	.. And it's a hard habit to break=.
.. And it's a hard habit to break=.	[Usually I don't] --
[Usually I don't] --	MARY:   	[It i=s].
MARY:   	[It i=s].	ALICE:  	s- % Usually I don't stay up late.
ALICE:  	s- % Usually I don't stay up late.	... (H) But it's like,
... (H) But it's like,	if I'm up after midnight?
if I'm up after midnight?	@ .. <@ It's just like @>,
@ .. <@ It's just like @>,	MARY:   	(TSK) (TSK)
MARY:   	(TSK) (TSK)	ALICE:  	... (H) Hm=.
ALICE:  	... (H) Hm=.	@@ ... [<X Yeah yeah X>].
@@ ... [<X Yeah yeah X>].	MARY:   	       [What can I do] [2now2].
MARY:   	       [What can I do] [2now2].	ALICE:  	                       [2@@@2][3@@3]
ALICE:  	                       [2@@@2][3@@3]	MARY:   	                              [3@@3]@@@ ...(H)
MARY:   	                              [3@@3]@@@ ...(H)	ALICE:  	... [4(SWALLOW)4] I still can't % --
ALICE:  	... [4(SWALLOW)4] I still can't % --	MARY:   	    [4(SWALLOW)4]
MARY:   	    [4(SWALLOW)4]	ALICE:  	... God I still can't believe ~Tim bitching around and,
ALICE:  	... God I still can't believe ~Tim bitching around and,	.. he lied too.
.. he lied too.	... He said that he talked to !Ron,
... He said that he talked to !Ron,	and all this other shit?
and all this other shit?	MARY:   	About what.
MARY:   	About what.	ALICE:  	... About % ... the way ... they were feeling,
ALICE:  	... About % ... the way ... they were feeling,	... of them being the only ones cleaning the house,
... of them being the only ones cleaning the house,	and all this other shit?
and all this other shit?	... (H) I mean what they don't realize,
... (H) I mean what they don't realize,	is like,
is like,	... shit,
... shit,	when !Ron gets home from wor=k,
when !Ron gets home from wor=k,	... I wanna spend time with !Ro=n,
... I wanna spend time with !Ro=n,	because !Ron,
because !Ron,	... usually doesn't get home till @nine or ten.
... usually doesn't get home till @nine or ten.	MARY:   	... Yeah=.
MARY:   	... Yeah=.	ALICE:  	Unlike ~Tim,
ALICE:  	Unlike ~Tim,	he has to w=ork,
he has to w=ork,	... for every little dime that he makes.
... for every little dime that he makes.	... You know?
... You know?	MARY:   	.. [Yeah=].
MARY:   	.. [Yeah=].	ALICE:  	   [He doesn't] get any breaks.
ALICE:  	   [He doesn't] get any breaks.	MARY:   	... Yeah%,
MARY:   	... Yeah%,	... ~Tim is on salary=,
... ~Tim is on salary=,	and he can take lea=ve,
and he can take lea=ve,	and,
and,	ALICE:  	Mhm,
ALICE:  	Mhm,	... and [he earns] lea=ve,
... and [he earns] lea=ve,	MARY:   	        [he's] --
MARY:   	        [he's] --	ALICE:  	... he gets sick leave,
ALICE:  	... he gets sick leave,	... we don't get shit.
... we don't get shit.	MARY:   	... (TSK) I don't know.
MARY:   	... (TSK) I don't know.	... (H) ... It is really hard living with another couple.
... (H) ... It is really hard living with another couple.	ALICE:  	... I mean,
ALICE:  	... I mean,	.. we --
.. we --	If we set our --
If we set our --	.. If we sit down and set some rules,
.. If we sit down and set some rules,	which we never did,
which we never did,	.. % % %it could work.
.. % % %it could work.	... You know,
... You know,	MARY:   	.. Mhm.
MARY:   	.. Mhm.	ALICE:  	... (H) what it amounts to,
ALICE:  	... (H) what it amounts to,	is mutual r- respect,
is mutual r- respect,	and l- like ~Tim told !Ro=n,
and l- like ~Tim told !Ro=n,	... (H) ... he= told him,
... (H) ... he= told him,	he goes um,
he goes um,	... what was it he goes,
... what was it he goes,	... nobody fucks with my lifestyle.
... nobody fucks with my lifestyle.	... @I feel the exact same way.
... @I feel the exact same way.	... And all those bitches and complaints that he has,
... And all those bitches and complaints that he has,	(H) they're about my lifestyle.
(H) they're about my lifestyle.	MARY:   	... Mhm=,
MARY:   	... Mhm=,	ALICE:  	And he doesn't realize that.
ALICE:  	And he doesn't realize that.	MARY:   	... (THROAT)
MARY:   	... (THROAT)	ALICE:  	And that's what I'm gonna tell him.
ALICE:  	And that's what I'm gonna tell him.	MARY:   	(TSK) ... We=ll,
MARY:   	(TSK) ... We=ll,	.. %= you know,
.. %= you know,	ALICE:  	... And the only way it's gonna work,
ALICE:  	... And the only way it's gonna work,	is if we have respect for one another.
is if we have respect for one another.	MARY:   	That's right.
MARY:   	That's right.	... That's right.
... That's right.	ALICE:  	And it doesn't mean,
ALICE:  	And it doesn't mean,	(H) going to ... our parents,
(H) going to ... our parents,	and ... complaining about one another,
and ... complaining about one another,	... (H) I'm gonna tell him,
... (H) I'm gonna tell him,	if you have any complaints,
if you have any complaints,	you .. talk to the person that you have the complaint about.
you .. talk to the person that you have the complaint about.	...(H) I'm also going to suggest,
...(H) I'm also going to suggest,	... <MRC weekly house meetings MRC> to discuss such things.
... <MRC weekly house meetings MRC> to discuss such things.	MARY:   	.. Mhm.
MARY:   	.. Mhm.	... (TSK) Oh yeah=.
... (TSK) Oh yeah=.	... Yeah.
... Yeah.	You know what it would be,
You know what it would be,	a real good lesson for them,
a real good lesson for them,	too,
too,	... in self assertiveness,
... in self assertiveness,	ALICE:  	Yep.
ALICE:  	Yep.	MARY:   	... you know and,
MARY:   	... you know and,	.. especially the way um,
.. especially the way um,	... I mean ~Tim gets .. in- .. himself into a=,
... I mean ~Tim gets .. in- .. himself into a=,	uncomfortable situation or whatever,
uncomfortable situation or whatever,	.. (H) and his first reaction is to blow up about it.
.. (H) and his first reaction is to blow up about it.	ALICE:  	Mhm.
ALICE:  	Mhm.	MARY:   	... You know,
MARY:   	... You know,	cause he let --
cause he let --	he lets it pile up.
he lets it pile up.	ALICE:  	.. Yep.
ALICE:  	.. Yep.	MARY:   	... He doesn't do nothing ... positive about it,
MARY:   	... He doesn't do nothing ... positive about it,	and then he just blows up.
and then he just blows up.	ALICE:  	... <X And if X> something bothers you,
ALICE:  	... <X And if X> something bothers you,	you go and you,
you go and you,	... I was,
... I was,	like last year,
like last year,	I was really proud of myself,
I was really proud of myself,	when (H) I was asked to take over .. intermediate .. algebra?
when (H) I was asked to take over .. intermediate .. algebra?	MARY:   	.. Unhunh.
MARY:   	.. Unhunh.	ALICE:  	... [And teach it]?
ALICE:  	... [And teach it]?	MARY:   	    [(DRINK)] (DRINK) (Hx)
MARY:   	    [(DRINK)] (DRINK) (Hx)	ALICE:  	... [2And I di=d2].
ALICE:  	... [2And I di=d2].	MARY:   	    [2(DRINK)2] (SWALLOW)
MARY:   	    [2(DRINK)2] (SWALLOW)	ALICE:  	... And I [3also went3],
ALICE:  	... And I [3also went3],	MARY:   	          [3(DRINK)3] (SWALLOW)
MARY:   	          [3(DRINK)3] (SWALLOW)	ALICE:  	... and I asked for a raise,
ALICE:  	... and I asked for a raise,	... [instead of ]--
... [instead of ]--	MARY:   	    [(SWALLOW)]
MARY:   	    [(SWALLOW)]	ALICE:  	.. cause instead of just sitting in the class and getting five dollars an hour,
ALICE:  	.. cause instead of just sitting in the class and getting five dollars an hour,	I was now gonna be up there teaching it,
I was now gonna be up there teaching it,	MARY:   	... Mhm,
MARY:   	... Mhm,	ALICE:  	.. and instead of getting the five dollars an @hour,
ALICE:  	.. and instead of getting the five dollars an @hour,	I ended up getting fifteen.
I ended up getting fifteen.	MARY:   	... Really=.
MARY:   	... Really=.	ALICE:  	But I went and I asked.
ALICE:  	But I went and I asked.	... Now if i- --
... Now if i- --	You know if you ... put a situation like that to ~Tim or ~Mandy,
You know if you ... put a situation like that to ~Tim or ~Mandy,	... cause not because they're ... they're weak in character or anything,
... cause not because they're ... they're weak in character or anything,	but because they're --
but because they're --	MARY:   	... They're babies.
MARY:   	... They're babies.	ALICE:  	.. Yeah.
ALICE:  	.. Yeah.	... They ... hem and haw around,
... They ... hem and haw around,	and somebody else would have to talk for them.
and somebody else would have to talk for them.	.. You know (H)?
.. You know (H)?	MARY:   	... Yeah=.
MARY:   	... Yeah=.	ALICE:  	... (Hx)
ALICE:  	... (Hx)	MARY:   	... I don't know.
MARY:   	... I don't know.	... <X And it's X>,
... <X And it's X>,	... (TSK) Right now uh,
... (TSK) Right now uh,	... I don't know if I should mention it to him,
... I don't know if I should mention it to him,	or what,
or what,	but,
but,	... I'm feeling like he's taking me for granted.
... I'm feeling like he's taking me for granted.	ALICE:  	... Yep (Hx).
ALICE:  	... Yep (Hx).	... And he's rolling in it,
... And he's rolling in it,	~Mary.
~Mary.	... And you know what the sad thing,
... And you know what the sad thing,	... the thing that really scares me?
... the thing that really scares me?	... is that they're n=- --
... is that they're n=- --	... (H) th- at the rate they're going,
... (H) th- at the rate they're going,	... and with all the breaks that they've ... gotten,
... and with all the breaks that they've ... gotten,	... (H) they're never gonna have hard times.
... (H) they're never gonna have hard times.	MARY:   	... Hard times do train you.
MARY:   	... Hard times do train you.	ALICE:  	... Yep.
ALICE:  	... Yep.	MARY:   	... They do.
MARY:   	... They do.	ALICE:  	... Like I came over here to work with !Danae,
ALICE:  	... Like I came over here to work with !Danae,	which is what I'm going to do,
which is what I'm going to do,	... I'm going to do some .. translations for her and stuff?
... I'm going to do some .. translations for her and stuff?	MARY:   	.. Yeah.
MARY:   	.. Yeah.	ALICE:  	... tonight?
ALICE:  	... tonight?	... [A=nd um],
... [A=nd um],	MARY:   	    [(DRINK)]
MARY:   	    [(DRINK)]	ALICE:  	... (THROAT) you know,
ALICE:  	... (THROAT) you know,	... I have to make at least f=ifty [dollars or so],
... I have to make at least f=ifty [dollars or so],	MARY:   	                                   [(SWALLOW)]
MARY:   	                                   [(SWALLOW)]	ALICE:  	to make it worth my time,
ALICE:  	to make it worth my time,	... but like tonight (Hx),
... but like tonight (Hx),	... well I called,
... well I called,	... you know,
... you know,	this thing was going on with !Buck and everything,
this thing was going on with !Buck and everything,	... so I called um,
... so I called um,	... ~Mandy's,
... ~Mandy's,	... or,
... or,	.. I called our house,
.. I called our house,	and ~Mandy answered the phone,
and ~Mandy answered the phone,	and I said where's --
and I said where's --	... you know where's --
... you know where's --	... where --
... where --	Is !Ron there?
Is !Ron there?	And she said no.
And she said no.	.. (H)= When we were on our way to ~Tim's game,
.. (H)= When we were on our way to ~Tim's game,	he was at Town Pump,
he was at Town Pump,	and he asked what time .. we'd be home,
and he asked what time .. we'd be home,	and we said probably about nine.
and we said probably about nine.	... And she said then we went over to ... your grandma's,
... And she said then we went over to ... your grandma's,	but (H)= <X then X> we came back,
but (H)= <X then X> we came back,	and he wasn't here yet.
and he wasn't here yet.	... So=,
... So=,	... I called the Town Pump,
... I called the Town Pump,	and asked if he was still in the casino,
and asked if he was still in the casino,	... (H) course he wasn't (Hx),
... (H) course he wasn't (Hx),	... he was on his way home.
... he was on his way home.	... And I said tell --
... And I said tell --	.. So I called ~Mandy back,
.. So I called ~Mandy back,	and I told her to,
and I told her to,	... have him call me.
... have him call me.	... when he got home.
... when he got home.	... So=,
... So=,	... I was in the bathtub when he called,
... I was in the bathtub when he called,	... and I talked to him for a while and,
... and I talked to him for a while and,	... he went and,
... he went and,	... he was really down about what ... what I told .. h=im that ~Tim had said to me,
... he was really down about what ... what I told .. h=im that ~Tim had said to me,	... and how I was ... so upset?
... and how I was ... so upset?	... He goes <Q why didn't you tell him to go and wake me up Q>.
... He goes <Q why didn't you tell him to go and wake me up Q>.	... <@ I said I di=d @>,
... <@ I said I di=d @>,	and he wouldn't do it.
and he wouldn't do it.	MARY:   	... Really=?
MARY:   	... Really=?	ALICE:  	Mhm.
ALICE:  	Mhm.	... (TSK) He goes,
... (TSK) He goes,	they w- --
they w- --	they were sitting around getting all ... fucked up,
they were sitting around getting all ... fucked up,	he said but,
he said but,	... he said I went right to bed,
... he said I went right to bed,	he said I didn't get done working until after nine.
he said I didn't get done working until after nine.	MARY:   	... (TSK) Oh,
MARY:   	... (TSK) Oh,	ma=n.
ma=n.	ALICE:  	... Cause that five-car pile up they had between Hardin and Crow?
ALICE:  	... Cause that five-car pile up they had between Hardin and Crow?	MARY:   	... Oh=,
MARY:   	... Oh=,	shit,
shit,	really?
really?	I didn't hear about it.
I didn't hear about it.	ALICE:  	... Yeah.
ALICE:  	... Yeah.	... !Ron was s=inglehandedly there.
... !Ron was s=inglehandedly there.	... @ .. with one wrecker.
... @ .. with one wrecker.	MARY:   	... G- yeah=.
MARY:   	... G- yeah=.	ALICE:  	... (THROAT)
ALICE:  	... (THROAT)	MARY:   	... Seems like any time I've seen a wrecker out here,
MARY:   	... Seems like any time I've seen a wrecker out here,	there's always two guys in there.
there's always two guys in there.	ALICE:  	Hm-m X,
ALICE:  	Hm-m X,	@everyone was gone,
@everyone was gone,	when the call came in.
when the call came in.	MARY:   	... Oh=.
MARY:   	... Oh=.	ALICE:  	And !Jay's not supposed to go on those anymore,
ALICE:  	And !Jay's not supposed to go on those anymore,	because of his heart,
because of his heart,	... (H) (TSK) so he had to send !Ron by himself,
... (H) (TSK) so he had to send !Ron by himself,	and !Ron was s=lowly pulling everybody out of the ditch.
and !Ron was s=lowly pulling everybody out of the ditch.	MARY:   	... Did they all hit each other?
MARY:   	... Did they all hit each other?	Or just,
Or just,	ALICE:  	.. Kind of.
ALICE:  	.. Kind of.	.. A%- a% semi ... bumped a car,
.. A%- a% semi ... bumped a car,	and then went and,
and then went and,	... went on two wheels,
... went on two wheels,	and,
and,	... just about lost it,
... just about lost it,	and then ... (TSK) got back up on all ... all its wheels again.
and then ... (TSK) got back up on all ... all its wheels again.	MARY:   	... Oh=.
MARY:   	... Oh=.	... Did it land [in the ditch]?
... Did it land [in the ditch]?	ALICE:  	                [But it (Hx)]= --
ALICE:  	                [But it (Hx)]= --	... Kind of,
... Kind of,	it was able to get out,
it was able to get out,	(H) but all the other cars that were ... in the .. direct ... vicinity,
(H) but all the other cars that were ... in the .. direct ... vicinity,	all hit the ditch.
all hit the ditch.	... And then,
... And then,	... there was three cars .. and the semi.
... there was three cars .. and the semi.	... (H) And then,
... (H) And then,	... this uh,
... this uh,	... this guy ... pulled up and,
... this guy ... pulled up and,	MARY:   	(DRINK)
MARY:   	(DRINK)	ALICE:  	.. he was going to uh,
ALICE:  	.. he was going to uh,	... (H)= !Peggy,
... (H)= !Peggy,	MARY:   	... (SWALLOW)
MARY:   	... (SWALLOW)	ALICE:  	(YAWN) (YAWN) you remember !Peggy !White?
ALICE:  	(YAWN) (YAWN) you remember !Peggy !White?	MARY:   	... (TSK) Yeah.
MARY:   	... (TSK) Yeah.	ALICE:  	Her husband,
ALICE:  	Her husband,	!Gary !Bighare?
!Gary !Bighare?	MARY:   	Mhm?
MARY:   	Mhm?	ALICE:  	... Him and her pulled up,
ALICE:  	... Him and her pulled up,	and they were in the van?
and they were in the van?	... And they stopped to ask !Ron what happened?
... And they stopped to ask !Ron what happened?	... And here another car came and rear-ended em.
... And here another car came and rear-ended em.	MARY:   	... (TSK) (H) Oh=[=].
MARY:   	... (TSK) (H) Oh=[=].	ALICE:  	                 [And they] ended up having to take um= ... !Peggy !White ... by helicopter to Billings.
ALICE:  	                 [And they] ended up having to take um= ... !Peggy !White ... by helicopter to Billings.	MARY:   	... Man that's pretty ba=d.
MARY:   	... Man that's pretty ba=d.	ALICE:  	... I know.
ALICE:  	... I know.	... Darn,
... Darn,	... this darn dog keeps ... breathing,
... this darn dog keeps ... breathing,	<X and like X> ... dreaming,
<X and like X> ... dreaming,	<X you know X> I wonder if we should wake her up?
<X you know X> I wonder if we should wake her up?	MARY:   	... No,
MARY:   	... No,	.. she'll get scared and want to go outside.
.. she'll get scared and want to go outside.	... Kinda nervous,
... Kinda nervous,	you know.
you know.	ALICE:  	... They say you can really ... mess up a dog,
ALICE:  	... They say you can really ... mess up a dog,	by waking em up when they're dreaming.
by waking em up when they're dreaming.	MARY:   	.. Really?
MARY:   	.. Really?	ALICE:  	... Mhm.
ALICE:  	... Mhm.	... It's so cold outside,
... It's so cold outside,	but yet sometimes she insists on staying out there.
but yet sometimes she insists on staying out there.	MARY:   	I know=.
MARY:   	I know=.	... You know what I was thinking of doing?
... You know what I was thinking of doing?	ALICE:  	Hunh.
ALICE:  	Hunh.	MARY:   	... I don't know,
MARY:   	... I don't know,	she's kind of shy,
she's kind of shy,	but I was [wondering],
but I was [wondering],	ALICE:  	          [(SNEEZE)]
ALICE:  	          [(SNEEZE)]	MARY:   	... [2what it2] would be like to ... train her,
MARY:   	... [2what it2] would be like to ... train her,	ALICE:  	    [2(SNIFF)2]
ALICE:  	    [2(SNIFF)2]	MARY:   	... to pull a sled.
MARY:   	... to pull a sled.	ALICE:  	... I don't know if she'd do it.
ALICE:  	... I don't know if she'd do it.	MARY:   	... I don't know if she would either.
MARY:   	... I don't know if she would either.	... She's kind of timid.
... She's kind of timid.	ALICE:  	.. Mhm.
ALICE:  	.. Mhm.	... She doesn't trust too many people at all.
... She doesn't trust too many people at all.	MARY:   	... Yeah=.
MARY:   	... Yeah=.	ALICE:  	... (SNIFF) ... (SWALLOW) Oh and you know another thing that ~Tim had the audacity to bitch about?
ALICE:  	... (SNIFF) ... (SWALLOW) Oh and you know another thing that ~Tim had the audacity to bitch about?	MARY:   	.. What.
MARY:   	.. What.	ALICE:  	... He said um,
ALICE:  	... He said um,	... ~Mandy had to stay up all by herself and decorate the tree.
... ~Mandy had to stay up all by herself and decorate the tree.	... until four in the morning.
... until four in the morning.	... And I even asked if we could put our ornaments on there,
... And I even asked if we could put our ornaments on there,	and they told me <X that X> .. there wouldn't be enough room.
and they told me <X that X> .. there wouldn't be enough room.	MARY:   	... Really=?
MARY:   	... Really=?	ALICE:  	Mhm,
ALICE:  	Mhm,	.. ~Tim said that.
.. ~Tim said that.	MARY:   	... (TSK) (H) She was probably lonely when she was doing it,
MARY:   	... (TSK) (H) She was probably lonely when she was doing it,	you know that?
you know that?	... She probably was.
... She probably was.	... [X] --
... [X] --	ALICE:  	    [I] sat up with her,
ALICE:  	    [I] sat up with her,	and I was talking to her,
and I was talking to her,	she was doing all the decorating,
she was doing all the decorating,	.. I mean,
.. I mean,	(H)= ... what was I gonna do.
(H)= ... what was I gonna do.	She- I mean,
She- I mean,	she was just .. putting up the balls and everything and,
she was just .. putting up the balls and everything and,	... (H) she'd say <Q where,
... (H) she'd say <Q where,	... where do you think this should go Q> and,
... where do you think this should go Q> and,	... so I was sitting there doing my Welfare application.
... so I was sitting there doing my Welfare application.	... And uh=,
... And uh=,	... @you @know I was just sitting there watching her,
... @you @know I was just sitting there watching her,	telling her ... (H) where to put everything and what not.
telling her ... (H) where to put everything and what not.	MARY:   	... Did you know !Nickie wanted her own tree=?
MARY:   	... Did you know !Nickie wanted her own tree=?	ALICE:  	... Ye=s?
ALICE:  	... Ye=s?	MARY:   	... And I forgot to bring it in,
MARY:   	... And I forgot to bring it in,	it's outside?
it's outside?	ALICE:  	... What are you gonna do with it.
ALICE:  	... What are you gonna do with it.	MARY:   	... She wants to set it up for her Barbies.
MARY:   	... She wants to set it up for her Barbies.	... I was just gonna use a tin can and put rocks in the bottom?
... I was just gonna use a tin can and put rocks in the bottom?	ALICE:  	.. Mhm.
ALICE:  	.. Mhm.	MARY:   	.. And just stick it in there.
MARY:   	.. And just stick it in there.	... (SWALLOW) (TSK) (H) And you know what I did?
... (SWALLOW) (TSK) (H) And you know what I did?	ALICE:  	Hm.
ALICE:  	Hm.	MARY:   	I [didn't] want to waste a tree's life,
MARY:   	I [didn't] want to waste a tree's life,	ALICE:  	  [(TSK)]
ALICE:  	  [(TSK)]	MARY:   	... so I just cut a <@ branch off one @>.
MARY:   	... so I just cut a <@ branch off one @>.	... (H) ... God,
... (H) ... God,	<X I fell up there X>.
<X I fell up there X>.	... (DRINK)
... (DRINK)	ALICE:  	Where'd you go.
ALICE:  	Where'd you go.	... to get em.
... to get em.	MARY:   	... You know where !Sarah and !Arvela live?
MARY:   	... You know where !Sarah and !Arvela live?	ALICE:  	.. Mhm,
ALICE:  	.. Mhm,	MARY:   	.. Just around the corner.
MARY:   	.. Just around the corner.	... Remember that first .. cattle guard you go over?
... Remember that first .. cattle guard you go over?	ALICE:  	... Unhunh,
ALICE:  	... Unhunh,	MARY:   	I didn't even go over that.
MARY:   	I didn't even go over that.	ALICE:  	... You mean,
ALICE:  	... You mean,	... kinda like .. by the --
... kinda like .. by the --	... by the [tunnel]?
... by the [tunnel]?	MARY:   	           [Right below the] tunnel.
MARY:   	           [Right below the] tunnel.	ALICE:  	... Oh=.
ALICE:  	... Oh=.	MARY:   	... And I just walked up --
MARY:   	... And I just walked up --	... W=e just walked up around uh,
... W=e just walked up around uh,	that area,
that area,	(H) God ~Alice that was f=u=n.
(H) God ~Alice that was f=u=n.	ALICE:  	(H) Did you get grandma a tree too?
ALICE:  	(H) Did you get grandma a tree too?	MARY:   	Hunh-unh.
MARY:   	Hunh-unh.	ALICE:  	... Does she already have one?
ALICE:  	... Does she already have one?	MARY:   	... Hm-m.
MARY:   	... Hm-m.	... (TSK) That pickup could only hold like three.
... (TSK) That pickup could only hold like three.	ALICE:  	... Mm.
ALICE:  	... Mm.	... I wonder why --
... I wonder why --	.. Did daddy say to take the pickup back?
.. Did daddy say to take the pickup back?	Or what was the [deal].
Or what was the [deal].	MARY:   	                [Yeah].
MARY:   	                [Yeah].	.. Yeah.
.. Yeah.	ALICE:  	Why.
ALICE:  	Why.	MARY:   	... Cause !Phoebe needs it.
MARY:   	... Cause !Phoebe needs it.	ALICE:  	... What's wrong with the car.
ALICE:  	... What's wrong with the car.	... (H)
... (H)	MARY:   	Oh,
MARY:   	Oh,	you didn't hear about it?
you didn't hear about it?	ALICE:  	Hunh-unh.
ALICE:  	Hunh-unh.	MARY:   	... Oh,
MARY:   	... Oh,	you did,
you did,	about how the .. engine was on fire?
about how the .. engine was on fire?	ALICE:  	.. Mhm,
ALICE:  	.. Mhm,	MARY:   	... See there was oil spilling out,
MARY:   	... See there was oil spilling out,	... leaking out from ... the valve cover.
... leaking out from ... the valve cover.	ALICE:  	... Mhm.
ALICE:  	... Mhm.	MARY:   	The valve cover gasket apparently cracked or whatever,
MARY:   	The valve cover gasket apparently cracked or whatever,	and there was oil coming out,
and there was oil coming out,	(H) .. and the oil got hot,
(H) .. and the oil got hot,	and you know how it gets hot and smokes?
and you know how it gets hot and smokes?	ALICE:  	Mhm.
ALICE:  	Mhm.	MARY:   	... Well,
MARY:   	... Well,	I guess enough came out,
I guess enough came out,	... because we were losing oil bad,
... because we were losing oil bad,	... going from Billings to .. Crow,
... going from Billings to .. Crow,	um,
um,	... there's a lot of &
... there's a lot of &	ALICE:  	(DRINK)
ALICE:  	(DRINK)	MARY:   	& smoke coming out,
MARY:   	& smoke coming out,	and by the time we got to Hardin,
and by the time we got to Hardin,	we had to put like uh=,
we had to put like uh=,	... three or four quarts in.
... three or four quarts in.	ALICE:  	... Unhunh.
ALICE:  	... Unhunh.	MARY:   	... It was three.
MARY:   	... It was three.	.. (H)= .. An=d (Hx),
.. (H)= .. An=d (Hx),	.. by the time we got to &
.. by the time we got to &	ALICE:  	... (H)
ALICE:  	... (H)	MARY:   	& Crow,
MARY:   	& Crow,	... it was=,
... it was=,	... it was one quart low.
... it was one quart low.	... And there was smoke still coming from under the engine,
... And there was smoke still coming from under the engine,	I figure w- if it was losing that much oil,
I figure w- if it was losing that much oil,	(H) then <X it X> caught fire.
(H) then <X it X> caught fire.	ALICE:  	Mhm.
ALICE:  	Mhm.	MARY:   	Cause the engine was hot,
MARY:   	Cause the engine was hot,	cause there wasn't .. enough water in the ... radiator.
cause there wasn't .. enough water in the ... radiator.	ALICE:  	... Mhm.
ALICE:  	... Mhm.	MARY:   	(TSK) I talked to !Oscar about it,
MARY:   	(TSK) I talked to !Oscar about it,	and he said,
and he said,	(H) well I checked,
(H) well I checked,	it was only,
it was only,	.. it was only about,
.. it was only about,	I'd say a half a quart to a quart short of water.
I'd say a half a quart to a quart short of water.	... But that shouldn't make any difference.
... But that shouldn't make any difference.	He goes the only thing I can think of,
He goes the only thing I can think of,	(H) is that there was an air lock in there.
(H) is that there was an air lock in there.	ALICE:  	    [(THROAT)]
ALICE:  	    [(THROAT)]	MARY:   	... [And that] running the engine out on the open road?
MARY:   	... [And that] running the engine out on the open road?	ALICE:  	.. Mh[2m2].
ALICE:  	.. Mh[2m2].	MARY:   	     [2C2]aused that air lock to come through.
MARY:   	     [2C2]aused that air lock to come through.	... [3flushed it out3].
... [3flushed it out3].	ALICE:  	    [3And bust th3]e ... gasket?
ALICE:  	    [3And bust th3]e ... gasket?	MARY:   	... No=,
MARY:   	... No=,	... it would more or less um,
... it would more or less um,	... the engine wasn't being kept cool enough.
... the engine wasn't being kept cool enough.	... Cause there [wasn't enough] fluid .. in the radiator.
... Cause there [wasn't enough] fluid .. in the radiator.	ALICE:  	                [(DRINK)]
ALICE:  	                [(DRINK)]	Unhunh,
Unhunh,	MARY:   	... And,
MARY:   	... And,	you know how the radiator's,
you know how the radiator's,	the pipe's close to other parts of the en[gine]?
the pipe's close to other parts of the en[gine]?	ALICE:  	                                         [Yeah]=.
ALICE:  	                                         [Yeah]=.	... So what &
... So what &	MARY:   	It was some [part in there].
MARY:   	It was some [part in there].	ALICE:  	& [caused the f]ire.
ALICE:  	& [caused the f]ire.	MARY:   	... The engine being too hot,
MARY:   	... The engine being too hot,	.. and the oil leaking,
.. and the oil leaking,	ALICE:  	... So he knew that the oil was leaking?
ALICE:  	... So he knew that the oil was leaking?	MARY:   	No,
MARY:   	No,	... (TSK) we knew we were losing oil,
... (TSK) we knew we were losing oil,	but we didn't know where.
but we didn't know where.	I just figured it was from= that valve cover gasket.
I just figured it was from= that valve cover gasket.	... Just from lifting up the hood and looking at it.
... Just from lifting up the hood and looking at it.	ALICE:  	... (H) So what's he gonna do.
ALICE:  	... (H) So what's he gonna do.	MARY:   	... Well,
MARY:   	... Well,	.. %and two of his wires,
.. %and two of his wires,	the sparkplug wires?
the sparkplug wires?	ALICE:  	... Unh[unh].
ALICE:  	... Unh[unh].	MARY:   	       [were] fried all the way through.
MARY:   	       [were] fried all the way through.	ALICE:  	... Unhunh.
ALICE:  	... Unhunh.	MARY:   	.. So we took those off and we,
MARY:   	.. So we took those off and we,	.. replaced them with some old ones out of the garage.
.. replaced them with some old ones out of the garage.	ALICE:  	.. I knew tha=t.
ALICE:  	.. I knew tha=t.	MARY:   	And it runs.
MARY:   	And it runs.	... It runs.
... It runs.	There's enough uh=,
There's enough uh=,	... radiator fluid in there.
... radiator fluid in there.	ALICE:  	... Mhm.
ALICE:  	... Mhm.	MARY:   	... so that it will,
MARY:   	... so that it will,	... It's .. it's enough.
... It's .. it's enough.	ALICE:  	... Mhm.
ALICE:  	... Mhm.	MARY:   	... (DRINK) But I think running it out on the open road,
MARY:   	... (DRINK) But I think running it out on the open road,	will cause it ... possibly to shoot more oil out.
will cause it ... possibly to shoot more oil out.	ALICE:  	... Mhm.
ALICE:  	... Mhm.	MARY:   	That valve cover gasket has to be replaced.
MARY:   	That valve cover gasket has to be replaced.	ALICE:  	... Hm.
ALICE:  	... Hm.	... (Hx)
... (Hx)	MARY:   	... I don't know.
MARY:   	... I don't know.	(H) Oh I freaked !Cookie and,
(H) Oh I freaked !Cookie and,	... !Rita and,
... !Rita and,	... !Gary out tonight.
... !Gary out tonight.	... Remember the Plain- .. Plainfeather uh .. Claypit?
... Remember the Plain- .. Plainfeather uh .. Claypit?	... where that red clay is?
... where that red clay is?	ALICE:  	... Mhm.
ALICE:  	... Mhm.	MARY:   	... Right there.
MARY:   	... Right there.	... I saw my .. my speedometer just go Brr=.
... I saw my .. my speedometer just go Brr=.	.. like that just dow=n.
.. like that just dow=n.	(H) You know,
(H) You know,	and I knew exactly what it was.
and I knew exactly what it was.	... What I have to do,
... What I have to do,	is take off the distributor wire,
is take off the distributor wire,	and splice it in with the fuel pump wire.
and splice it in with the fuel pump wire.	ALICE:  	... [Mhm].
ALICE:  	... [Mhm].	MARY:   	    [Because] my= .. fuel pump is now electric,
MARY:   	    [Because] my= .. fuel pump is now electric,	.. Never used to be.
.. Never used to be.	ALICE:  	... Mhm.
ALICE:  	... Mhm.	MARY:   	... Hand me that ashtray.
MARY:   	... Hand me that ashtray.	... Or your light,
... Or your light,	I mean.
I mean.	.. <P Your light P>.
.. <P Your light P>.	... (H) It's behind the sewing machine.
... (H) It's behind the sewing machine.	(H)
(H)	ALICE:  	(THROAT)
ALICE:  	(THROAT)	MARY:   	And uh=,
MARY:   	And uh=,	... sometimes it gets loose.
... sometimes it gets loose.	ALICE:  	... (YAWN)
ALICE:  	... (YAWN)	MARY:   	And .. no more <HI fuel HI>.
MARY:   	And .. no more <HI fuel HI>.	ALICE:  	(YAWN0 Unhunh,
ALICE:  	(YAWN0 Unhunh,	MARY:   	So I stopped the car,
MARY:   	So I stopped the car,	and they said what are you doing.
and they said what are you doing.	I said,
I said,	<Q oh,
<Q oh,	I gotta tighten this wire here Q>.
I gotta tighten this wire here Q>.	... (H) ... So I had !Cookie .. turn on the ignition and turn it off.
... (H) ... So I had !Cookie .. turn on the ignition and turn it off.	... So,
... So,	.. cause see,
.. cause see,	once you turn that key on,
once you turn that key on,	... then you hear the%,
... then you hear the%,	.. the fuel pump .. come on.
.. the fuel pump .. come on.	ALICE:  	... Mhm.
ALICE:  	... Mhm.	MARY:   	... And if the wire's not connected right,
MARY:   	... And if the wire's not connected right,	.. it doesn't come on.
.. it doesn't come on.	ALICE:  	... Mhm.
ALICE:  	... Mhm.	MARY:   	... So I did that,
MARY:   	... So I did that,	... and I lit a match to find out where I was,
... and I lit a match to find out where I was,	and,
and,	... n- after everything was hunky-dory,
... n- after everything was hunky-dory,	.. then I,
.. then I,	... shut the hood,
... shut the hood,	and got back in,
and got back in,	and I started up the engine and,
and I started up the engine and,	(H) both !Gary and !Rita were sitting on the edges of their seat.
(H) both !Gary and !Rita were sitting on the edges of their seat.	... (SWALLOW) And I turned around and I looked,
... (SWALLOW) And I turned around and I looked,	.. and I said,
.. and I said,	... <Q did I scare you kids Q>?
... <Q did I scare you kids Q>?	... (H) They wouldn't say anything,
... (H) They wouldn't say anything,	then !Gary goes,
then !Gary goes,	.. (H) .. <Q yeah,
.. (H) .. <Q yeah,	I was scared Q>.
I was scared Q>.	@@@
@@@	ALICE:  	(H)
ALICE:  	(H)	MARY:   	... (H)
MARY:   	... (H)	ALICE:  	(Hx)
ALICE:  	(Hx)	Mary:   	... <X But X> I freaked em out,
Mary:   	... <X But X> I freaked em out,	... I don't know.
... I don't know.	... Then daddy said something about the steering column on my car needing ((MATCH_STRIKE))_work?
... Then daddy said something about the steering column on my car needing ((MATCH_STRIKE))_work?	ALICE:  	.. Mhm,
ALICE:  	.. Mhm,	MARY:   	... Said long as I don't drive it fast,
MARY:   	... Said long as I don't drive it fast,	it should be alright.
it should be alright.	... But oh man I don't know.
... But oh man I don't know.	... See the thing about it is,
... See the thing about it is,	... if I go after !Ken,
... if I go after !Ken,	I'm not really gonna have any money.
I'm not really gonna have any money.	ALICE:  	... Mhm,
ALICE:  	... Mhm,	MARY:   	... to um=,
MARY:   	... to um=,	... you know,
... you know,	<HI do things HI>.
<HI do things HI>.	... (SWALLOW) I'm not saying I'm gonna ... (TSK) pay for everything,
... (SWALLOW) I'm not saying I'm gonna ... (TSK) pay for everything,	but,
but,	... I don't want to be broke= around him.
... I don't want to be broke= around him.	... (H)
... (H)	ALICE:  	I know,
ALICE:  	I know,	that really sucks.
that really sucks.	MARY:   	... (TSK) Cause I wanna at least be [able to put] ... gas in the car=,
MARY:   	... (TSK) Cause I wanna at least be [able to put] ... gas in the car=,	ALICE:  	                                    [(SWALLOW)]
ALICE:  	                                    [(SWALLOW)]	... [2Mhm2].
... [2Mhm2].	MARY:   	    [2and go2] do something.
MARY:   	    [2and go2] do something.	ALICE:  	... (H) I don't think it's such a good idea for you to go up there in the winter.
ALICE:  	... (H) I don't think it's such a good idea for you to go up there in the winter.	MARY:   	... (TSK) Mm=.
MARY:   	... (TSK) Mm=.	... I've been thinking about that.
... I've been thinking about that.	ALICE:  	(SWALLOW) ... We should all get some money together and,
ALICE:  	(SWALLOW) ... We should all get some money together and,	... is there any way he could [like,
... is there any way he could [like,	MARY:   	                              [(H)=]
MARY:   	                              [(H)=]	ALICE:  	meet us in Great Falls] or something?
ALICE:  	meet us in Great Falls] or something?	... Cause I'd like to go up there and go to the,
... Cause I'd like to go up there and go to the,	.. um,
.. um,	... (H) Red Lobster?
... (H) Red Lobster?	MARY:   	... (TSK) (H) Really?
MARY:   	... (TSK) (H) Really?	ALICE:  	... Yeah.
ALICE:  	... Yeah.	... Cause I've been just,
... Cause I've been just,	... cr=aving [seafood].
... cr=aving [seafood].	MARY:   	             [That's the half]-way point,
MARY:   	             [That's the half]-way point,	he could do it.
he could do it.	ALICE:  	... Yeah.
ALICE:  	... Yeah.	MARY:   	I bet he could do it.
MARY:   	I bet he could do it.	... When though.
... When though.	ALICE:  	... I don't know=,
ALICE:  	... I don't know=,	MARY:   	... He goes [back] to school like the secon=d.
MARY:   	... He goes [back] to school like the secon=d.	ALICE:  	            [%]
ALICE:  	            [%]	... <VOX Oh,
... <VOX Oh,	shoot VOX>.
shoot VOX>.	... Well isn't there any way,
... Well isn't there any way,	like we --
like we --	.. that we could just m=eet him up there and,
.. that we could just m=eet him up there and,	... (H) <YWN maybe YWN> (Hx) --
... (H) <YWN maybe YWN> (Hx) --	MARY:   	What,
MARY:   	What,	bring him down?
bring him down?	ALICE:  	... Bring him down,
ALICE:  	... Bring him down,	or,
or,	... I don't wanna take your car.
... I don't wanna take your car.	MARY:   	... (DRINK) (Hx)
MARY:   	... (DRINK) (Hx)	ALICE:  	... I was gonna ask you and m=om,
ALICE:  	... I was gonna ask you and m=om,	too,
too,	if you could um,
if you could um,	... take care of !Trace for a couple days next week.
... take care of !Trace for a couple days next week.	MARY:   	... (TSK) Oh?
MARY:   	... (TSK) Oh?	... What you got in mind.
... What you got in mind.	ALICE:  	... I need to get caught up on my work.
ALICE:  	... I need to get caught up on my work.	MARY:   	... (DRINK) Wednesday I have an appointment at nine thirty.
MARY:   	... (DRINK) Wednesday I have an appointment at nine thirty.	ALICE:  	... Mom's off,
ALICE:  	... Mom's off,	isn't she?
isn't she?	MARY:   	... Oh,
MARY:   	... Oh,	that's righ=t.
that's righ=t.	... That's right.
... That's right.	ALICE:  	... Yeah I think that'd,
ALICE:  	... Yeah I think that'd,	... I think that'd um,
... I think that'd um,	... (TSK) work out,
... (TSK) work out,	... like if she had to go shopping or something maybe you could go with her,
... like if she had to go shopping or something maybe you could go with her,	and help her with him?
and help her with him?	... And !Nicky helps her .. with him a lot anyway.\000000000 000000000 MARY: 1182.90 1186.92	        	... And then of course he [adores] me.
... And !Nicky helps her .. with him a lot anyway.\000000000 000000000 MARY: 1182.90 1186.92	        	... And then of course he [adores] me.	ALICE:  	                          [(Hx)]
ALICE:  	                          [(Hx)]	... Mhm.
... Mhm.	MARY:   	... (H) I remember I was pregnant with !Nicky.
MARY:   	... (H) I remember I was pregnant with !Nicky.	... (SWALLOW) And uh=,
... (SWALLOW) And uh=,	!Boots's little boy,
!Boots's little boy,	... he really liked me.
... he really liked me.	ALICE:  	Mhm.
ALICE:  	Mhm.	MARY:   	... when I was pregnant with her?
MARY:   	... when I was pregnant with her?	ALICE:  	Mhm.
ALICE:  	Mhm.	MARY:   	... % You know how it is when we're pregnant,
MARY:   	... % You know how it is when we're pregnant,	we ... get real sleepy?
we ... get real sleepy?	ALICE:  	Mhm.
ALICE:  	Mhm.	MARY:   	... (TSK) (H) I'd fall asleep on the couch,
MARY:   	... (TSK) (H) I'd fall asleep on the couch,	and he'd lay by me.
and he'd lay by me.	ALICE:  	... Mhm.
ALICE:  	... Mhm.	MARY:   	.. And he'd fall asleep with me.
MARY:   	.. And he'd fall asleep with me.	... And I remember he would --
... And I remember he would --	... I woke up,
... I woke up,	and here he was gone,
and here he was gone,	his mother carried him in the other room,
his mother carried him in the other room,	ALICE:  	.. @Mhm.
ALICE:  	.. @Mhm.	MARY:   	... and God,
MARY:   	... and God,	that kind of pissed me off.
that kind of pissed me off.	ALICE:  	... (H) Was --
ALICE:  	... (H) Was --	Would u=m,
Would u=m,	... Was !Nicky mad when !Trace was a boy=?
... Was !Nicky mad when !Trace was a boy=?	MARY:   	... Kind of.
MARY:   	... Kind of.	... (H)= She thinks I should have twins.
... (H)= She thinks I should have twins.	... Twin girls.
... Twin girls.	ALICE:  	... (COUGH COUGH)
ALICE:  	... (COUGH COUGH)	MARY:   	... But I don't think she'll realize the uh,
MARY:   	... But I don't think she'll realize the uh,	... sibling rivalry.
... sibling rivalry.	ALICE:  	(Hx)
ALICE:  	(Hx)	MARY:   	... But I don't know,
MARY:   	... But I don't know,	.. she's six years old now.
.. she's six years old now.	... And they say that if there's six years between children,
... And they say that if there's six years between children,	there's not that much rivalry.
there's not that much rivalry.	ALICE:  	... After four there's almost none.
ALICE:  	... After four there's almost none.	MARY:   	... Really?
MARY:   	... Really?	ALICE:  	.. Mhm.
ALICE:  	.. Mhm.	MARY:   	... [Cause they're],
MARY:   	... [Cause they're],	ALICE:  	    [Four is i]deal.
ALICE:  	    [Four is i]deal.	MARY:   	... they're kind of in different worlds,
MARY:   	... they're kind of in different worlds,	ALICE:  	... Yeah.
ALICE:  	... Yeah.	... Because,
... Because,	... see,
... see,	!Trace will be,
!Trace will be,	... the next time I have a baby,
... the next time I have a baby,	... !Trace will probably be=,
... !Trace will probably be=,	... about three?
... about three?	.. four?
.. four?	MARY:   	... Hm.
MARY:   	... Hm.	ALICE:  	... That's when I'm gonna get this shit taken out.
ALICE:  	... That's when I'm gonna get this shit taken out.	MARY:   	(TSK) (H)
MARY:   	(TSK) (H)	ALICE:  	... (H) !Tammy !Kashen has one of these too.
ALICE:  	... (H) !Tammy !Kashen has one of these too.	MARY:   	... What is it.
MARY:   	... What is it.	ALICE:  	... Norplant?
ALICE:  	... Norplant?	MARY:   	... Oh really.
MARY:   	... Oh really.	ALICE:  	... !Deon told me.
ALICE:  	... !Deon told me.	... Cause I asked him what ... his intentions were with her.
... Cause I asked him what ... his intentions were with her.	... Cause I told him I thought he was too young to be ... so involved.
... Cause I told him I thought he was too young to be ... so involved.	MARY:   	... (H)= ... !Gwen was telling me that,
MARY:   	... (H)= ... !Gwen was telling me that,	... Did she talk to you lately?
... Did she talk to you lately?	ALICE:  	Hm-m.
ALICE:  	Hm-m.	MARY:   	... They had a cyst on her ovary.
MARY:   	... They had a cyst on her ovary.	... And they had to go in and take it out?
... And they had to go in and take it out?	ALICE:  	... Mhm.
ALICE:  	... Mhm.	MARY:   	... Take out that cyst?
MARY:   	... Take out that cyst?	ALICE:  	[Mhm].
ALICE:  	[Mhm].	MARY:   	[(H)] ... (SWALLOW) And it's really screwed up her uh,
MARY:   	[(H)] ... (SWALLOW) And it's really screwed up her uh,	ALICE:  	... menstrual p- --
ALICE:  	... menstrual p- --	[cycle]?
[cycle]?	MARY:   	[her cy]cle,
MARY:   	[her cy]cle,	her=,
her=,	... her= ... hormones?
... her= ... hormones?	ALICE:  	Unhunh.
ALICE:  	Unhunh.	MARY:   	(H) And they said that she might have to get pregnant again,
MARY:   	(H) And they said that she might have to get pregnant again,	just to straighten it out.
just to straighten it out.	ALICE:  	... <WH @@ WH>
ALICE:  	... <WH @@ WH>	MARY:   	... (H)= ... So,
MARY:   	... (H)= ... So,	.. and then she goes,
.. and then she goes,	... <Q so tell --
... <Q so tell --	tell !Deon Q>.
tell !Deon Q>.	And she really laughed.
And she really laughed.	ALICE:  	(H) (Hx)
ALICE:  	(H) (Hx)	MARY:   	... (TSK) I don't know if !Tammy would be too happy with that though.
MARY:   	... (TSK) I don't know if !Tammy would be too happy with that though.	... (SWALLOW) Seems to me that she's trying to straighten herself out,
... (SWALLOW) Seems to me that she's trying to straighten herself out,	and,
and,	... pursue a family.
... pursue a family.	ALICE:  	... Tammy?
ALICE:  	... Tammy?	MARY:   	... (TSK) What do you think.
MARY:   	... (TSK) What do you think.	ALICE:  	... I don't know (Hx).
ALICE:  	... I don't know (Hx).	MARY:   	... (TSK) Or do you think it might be a matter of convenience.
MARY:   	... (TSK) Or do you think it might be a matter of convenience.	ALICE:  	... I think it's a convenience for both of em.
ALICE:  	... I think it's a convenience for both of em.	MARY:   	... Yeah=?
MARY:   	... Yeah=?	... Yeah=?
... Yeah=?	ALICE:  	... It's also a convenience for !Cookie.
ALICE:  	... It's also a convenience for !Cookie.	MARY:   	... Oh yeah=.
MARY:   	... Oh yeah=.	...
